Fecha;Cantidad Ingreso;MesN;Mes;Year
1/01/2019;4;1;Enero;2019
2/01/2019;2;1;Enero;2019
3/01/2019;1;1;Enero;2019
4/01/2019;6;1;Enero;2019
5/01/2019;3;1;Enero;2019
6/01/2019;2;1;Enero;2019
7/01/2019;1;1;Enero;2019
8/01/2019;4;1;Enero;2019
9/01/2019;2;1;Enero;2019
10/01/2019;3;1;Enero;2019
11/01/2019;1;1;Enero;2019
12/01/2019;1;1;Enero;2019
13/01/2019;0;1;Enero;2019
14/01/2019;3;1;Enero;2019
15/01/2019;1;1;Enero;2019
16/01/2019;2;1;Enero;2019
17/01/2019;2;1;Enero;2019
18/01/2019;2;1;Enero;2019
19/01/2019;2;1;Enero;2019
20/01/2019;3;1;Enero;2019
21/01/2019;2;1;Enero;2019
22/01/2019;2;1;Enero;2019
23/01/2019;5;1;Enero;2019
24/01/2019;3;1;Enero;2019
25/01/2019;1;1;Enero;2019
26/01/2019;3;1;Enero;2019
27/01/2019;2;1;Enero;2019
28/01/2019;4;1;Enero;2019
29/01/2019;5;1;Enero;2019
30/01/2019;2;1;Enero;2019
31/01/2019;2;1;Enero;2019
1/02/2019;5;2;Febrero;2019
2/02/2019;0;2;Febrero;2019
3/02/2019;1;2;Febrero;2019
4/02/2019;8;2;Febrero;2019
5/02/2019;2;2;Febrero;2019
6/02/2019;1;2;Febrero;2019
7/02/2019;3;2;Febrero;2019
8/02/2019;5;2;Febrero;2019
9/02/2019;0;2;Febrero;2019
10/02/2019;4;2;Febrero;2019
11/02/2019;2;2;Febrero;2019
12/02/2019;6;2;Febrero;2019
13/02/2019;7;2;Febrero;2019
14/02/2019;8;2;Febrero;2019
15/02/2019;10;2;Febrero;2019
16/02/2019;2;2;Febrero;2019
17/02/2019;3;2;Febrero;2019
18/02/2019;7;2;Febrero;2019
19/02/2019;5;2;Febrero;2019
20/02/2019;7;2;Febrero;2019
21/02/2019;7;2;Febrero;2019
22/02/2019;2;2;Febrero;2019
23/02/2019;3;2;Febrero;2019
24/02/2019;5;2;Febrero;2019
25/02/2019;8;2;Febrero;2019
26/02/2019;7;2;Febrero;2019
27/02/2019;6;2;Febrero;2019
28/02/2019;8;2;Febrero;2019
1/03/2019;6;3;Marzo;2019
2/03/2019;3;3;Marzo;2019
3/03/2019;3;3;Marzo;2019
4/03/2019;9;3;Marzo;2019
5/03/2019;6;3;Marzo;2019
6/03/2019;6;3;Marzo;2019
7/03/2019;3;3;Marzo;2019
8/03/2019;8;3;Marzo;2019
9/03/2019;3;3;Marzo;2019
10/03/2019;3;3;Marzo;2019
11/03/2019;6;3;Marzo;2019
12/03/2019;6;3;Marzo;2019
13/03/2019;7;3;Marzo;2019
14/03/2019;3;3;Marzo;2019
15/03/2019;4;3;Marzo;2019
16/03/2019;1;3;Marzo;2019
17/03/2019;9;3;Marzo;2019
18/03/2019;6;3;Marzo;2019
19/03/2019;7;3;Marzo;2019
20/03/2019;10;3;Marzo;2019
21/03/2019;8;3;Marzo;2019
22/03/2019;11;3;Marzo;2019
23/03/2019;2;3;Marzo;2019
24/03/2019;5;3;Marzo;2019
25/03/2019;3;3;Marzo;2019
26/03/2019;6;3;Marzo;2019
27/03/2019;11;3;Marzo;2019
28/03/2019;4;3;Marzo;2019
29/03/2019;9;3;Marzo;2019
30/03/2019;3;3;Marzo;2019
31/03/2019;4;3;Marzo;2019
1/04/2019;10;4;Abril;2019
2/04/2019;8;4;Abril;2019
3/04/2019;9;4;Abril;2019
4/04/2019;6;4;Abril;2019
5/04/2019;8;4;Abril;2019
6/04/2019;9;4;Abril;2019
7/04/2019;7;4;Abril;2019
8/04/2019;15;4;Abril;2019
9/04/2019;13;4;Abril;2019
10/04/2019;14;4;Abril;2019
11/04/2019;4;4;Abril;2019
12/04/2019;6;4;Abril;2019
13/04/2019;8;4;Abril;2019
14/04/2019;2;4;Abril;2019
15/04/2019;9;4;Abril;2019
16/04/2019;4;4;Abril;2019
17/04/2019;9;4;Abril;2019
18/04/2019;4;4;Abril;2019
19/04/2019;3;4;Abril;2019
20/04/2019;3;4;Abril;2019
21/04/2019;6;4;Abril;2019
22/04/2019;8;4;Abril;2019
23/04/2019;8;4;Abril;2019
24/04/2019;10;4;Abril;2019
25/04/2019;3;4;Abril;2019
26/04/2019;6;4;Abril;2019
27/04/2019;7;4;Abril;2019
28/04/2019;5;4;Abril;2019
29/04/2019;10;4;Abril;2019
30/04/2019;8;4;Abril;2019
1/05/2019;6;5;Mayo;2019
2/05/2019;7;5;Mayo;2019
3/05/2019;6;5;Mayo;2019
4/05/2019;7;5;Mayo;2019
5/05/2019;4;5;Mayo;2019
6/05/2019;6;5;Mayo;2019
7/05/2019;4;5;Mayo;2019
8/05/2019;6;5;Mayo;2019
9/05/2019;2;5;Mayo;2019
10/05/2019;4;5;Mayo;2019
11/05/2019;4;5;Mayo;2019
12/05/2019;8;5;Mayo;2019
13/05/2019;8;5;Mayo;2019
14/05/2019;7;5;Mayo;2019
15/05/2019;6;5;Mayo;2019
16/05/2019;7;5;Mayo;2019
17/05/2019;10;5;Mayo;2019
18/05/2019;5;5;Mayo;2019
19/05/2019;7;5;Mayo;2019
20/05/2019;3;5;Mayo;2019
21/05/2019;6;5;Mayo;2019
22/05/2019;5;5;Mayo;2019
23/05/2019;5;5;Mayo;2019
24/05/2019;12;5;Mayo;2019
25/05/2019;9;5;Mayo;2019
26/05/2019;10;5;Mayo;2019
27/05/2019;11;5;Mayo;2019
28/05/2019;13;5;Mayo;2019
29/05/2019;26;5;Mayo;2019
30/05/2019;19;5;Mayo;2019
31/05/2019;29;5;Mayo;2019
1/06/2019;13;6;Junio;2019
2/06/2019;12;6;Junio;2019
3/06/2019;15;6;Junio;2019
4/06/2019;22;6;Junio;2019
5/06/2019;17;6;Junio;2019
6/06/2019;13;6;Junio;2019
7/06/2019;20;6;Junio;2019
8/06/2019;8;6;Junio;2019
9/06/2019;14;6;Junio;2019
10/06/2019;16;6;Junio;2019
11/06/2019;13;6;Junio;2019
12/06/2019;13;6;Junio;2019
13/06/2019;24;6;Junio;2019
14/06/2019;29;6;Junio;2019
15/06/2019;11;6;Junio;2019
16/06/2019;12;6;Junio;2019
17/06/2019;17;6;Junio;2019
18/06/2019;18;6;Junio;2019
19/06/2019;14;6;Junio;2019
20/06/2019;20;6;Junio;2019
21/06/2019;16;6;Junio;2019
22/06/2019;10;6;Junio;2019
23/06/2019;11;6;Junio;2019
24/06/2019;7;6;Junio;2019
25/06/2019;16;6;Junio;2019
26/06/2019;13;6;Junio;2019
27/06/2019;7;6;Junio;2019
28/06/2019;16;6;Junio;2019
29/06/2019;7;6;Junio;2019
30/06/2019;8;6;Junio;2019
1/07/2019;14;7;Julio;2019
2/07/2019;13;7;Julio;2019
3/07/2019;6;7;Julio;2019
4/07/2019;11;7;Julio;2019
5/07/2019;4;7;Julio;2019
6/07/2019;5;7;Julio;2019
7/07/2019;9;7;Julio;2019
8/07/2019;11;7;Julio;2019
9/07/2019;6;7;Julio;2019
10/07/2019;9;7;Julio;2019
11/07/2019;10;7;Julio;2019
12/07/2019;8;7;Julio;2019
13/07/2019;14;7;Julio;2019
14/07/2019;5;7;Julio;2019
15/07/2019;9;7;Julio;2019
16/07/2019;15;7;Julio;2019
17/07/2019;6;7;Julio;2019
18/07/2019;12;7;Julio;2019
19/07/2019;11;7;Julio;2019
20/07/2019;10;7;Julio;2019
21/07/2019;4;7;Julio;2019
22/07/2019;7;7;Julio;2019
23/07/2019;13;7;Julio;2019
24/07/2019;8;7;Julio;2019
25/07/2019;13;7;Julio;2019
26/07/2019;9;7;Julio;2019
27/07/2019;6;7;Julio;2019
28/07/2019;8;7;Julio;2019
29/07/2019;17;7;Julio;2019
30/07/2019;16;7;Julio;2019
31/07/2019;13;7;Julio;2019
1/08/2019;14;8;Agosto;2019
2/08/2019;14;8;Agosto;2019
3/08/2019;12;8;Agosto;2019
4/08/2019;10;8;Agosto;2019
5/08/2019;4;8;Agosto;2019
6/08/2019;12;8;Agosto;2019
7/08/2019;9;8;Agosto;2019
8/08/2019;10;8;Agosto;2019
9/08/2019;7;8;Agosto;2019
10/08/2019;4;8;Agosto;2019
11/08/2019;5;8;Agosto;2019
12/08/2019;13;8;Agosto;2019
13/08/2019;13;8;Agosto;2019
14/08/2019;8;8;Agosto;2019
15/08/2019;11;8;Agosto;2019
16/08/2019;6;8;Agosto;2019
17/08/2019;4;8;Agosto;2019
18/08/2019;6;8;Agosto;2019
19/08/2019;5;8;Agosto;2019
20/08/2019;18;8;Agosto;2019
21/08/2019;9;8;Agosto;2019
22/08/2019;10;8;Agosto;2019
23/08/2019;9;8;Agosto;2019
24/08/2019;11;8;Agosto;2019
25/08/2019;13;8;Agosto;2019
26/08/2019;8;8;Agosto;2019
27/08/2019;7;8;Agosto;2019
28/08/2019;10;8;Agosto;2019
29/08/2019;6;8;Agosto;2019
30/08/2019;6;8;Agosto;2019
31/08/2019;2;8;Agosto;2019
1/09/2019;7;9;Septiembre;2019
2/09/2019;9;9;Septiembre;2019
3/09/2019;9;9;Septiembre;2019
4/09/2019;13;9;Septiembre;2019
5/09/2019;21;9;Septiembre;2019
6/09/2019;9;9;Septiembre;2019
7/09/2019;9;9;Septiembre;2019
8/09/2019;14;9;Septiembre;2019
9/09/2019;7;9;Septiembre;2019
10/09/2019;11;9;Septiembre;2019
11/09/2019;7;9;Septiembre;2019
12/09/2019;6;9;Septiembre;2019
13/09/2019;10;9;Septiembre;2019
14/09/2019;8;9;Septiembre;2019
15/09/2019;6;9;Septiembre;2019
16/09/2019;11;9;Septiembre;2019
17/09/2019;11;9;Septiembre;2019
18/09/2019;8;9;Septiembre;2019
19/09/2019;8;9;Septiembre;2019
20/09/2019;12;9;Septiembre;2019
21/09/2019;3;9;Septiembre;2019
22/09/2019;6;9;Septiembre;2019
23/09/2019;15;9;Septiembre;2019
24/09/2019;8;9;Septiembre;2019
25/09/2019;8;9;Septiembre;2019
26/09/2019;11;9;Septiembre;2019
27/09/2019;8;9;Septiembre;2019
28/09/2019;8;9;Septiembre;2019
29/09/2019;4;9;Septiembre;2019
30/09/2019;16;9;Septiembre;2019
1/10/2019;15;10;Octubre;2019
2/10/2019;12;10;Octubre;2019
3/10/2019;10;10;Octubre;2019
4/10/2019;10;10;Octubre;2019
5/10/2019;5;10;Octubre;2019
6/10/2019;6;10;Octubre;2019
7/10/2019;8;10;Octubre;2019
8/10/2019;13;10;Octubre;2019
9/10/2019;6;10;Octubre;2019
10/10/2019;13;10;Octubre;2019
11/10/2019;8;10;Octubre;2019
12/10/2019;4;10;Octubre;2019
13/10/2019;14;10;Octubre;2019
14/10/2019;6;10;Octubre;2019
15/10/2019;9;10;Octubre;2019
16/10/2019;9;10;Octubre;2019
17/10/2019;13;10;Octubre;2019
18/10/2019;8;10;Octubre;2019
19/10/2019;13;10;Octubre;2019
20/10/2019;8;10;Octubre;2019
21/10/2019;9;10;Octubre;2019
22/10/2019;12;10;Octubre;2019
23/10/2019;14;10;Octubre;2019
24/10/2019;10;10;Octubre;2019
25/10/2019;9;10;Octubre;2019
26/10/2019;6;10;Octubre;2019
27/10/2019;6;10;Octubre;2019
28/10/2019;11;10;Octubre;2019
29/10/2019;11;10;Octubre;2019
30/10/2019;15;10;Octubre;2019
31/10/2019;10;10;Octubre;2019
1/11/2019;9;11;Noviembre;2019
2/11/2019;3;11;Noviembre;2019
3/11/2019;6;11;Noviembre;2019
4/11/2019;9;11;Noviembre;2019
5/11/2019;11;11;Noviembre;2019
6/11/2019;14;11;Noviembre;2019
7/11/2019;10;11;Noviembre;2019
8/11/2019;22;11;Noviembre;2019
9/11/2019;5;11;Noviembre;2019
10/11/2019;13;11;Noviembre;2019
11/11/2019;7;11;Noviembre;2019
12/11/2019;9;11;Noviembre;2019
13/11/2019;11;11;Noviembre;2019
14/11/2019;8;11;Noviembre;2019
15/11/2019;7;11;Noviembre;2019
16/11/2019;7;11;Noviembre;2019
17/11/2019;8;11;Noviembre;2019
18/11/2019;19;11;Noviembre;2019
19/11/2019;17;11;Noviembre;2019
20/11/2019;8;11;Noviembre;2019
21/11/2019;6;11;Noviembre;2019
22/11/2019;3;11;Noviembre;2019
23/11/2019;3;11;Noviembre;2019
24/11/2019;10;11;Noviembre;2019
25/11/2019;9;11;Noviembre;2019
26/11/2019;7;11;Noviembre;2019
27/11/2019;10;11;Noviembre;2019
28/11/2019;10;11;Noviembre;2019
29/11/2019;15;11;Noviembre;2019
30/11/2019;4;11;Noviembre;2019
1/12/2019;6;12;Diciembre;2019
2/12/2019;9;12;Diciembre;2019
3/12/2019;5;12;Diciembre;2019
4/12/2019;6;12;Diciembre;2019
5/12/2019;4;12;Diciembre;2019
6/12/2019;5;12;Diciembre;2019
7/12/2019;4;12;Diciembre;2019
8/12/2019;1;12;Diciembre;2019
9/12/2019;8;12;Diciembre;2019
10/12/2019;6;12;Diciembre;2019
11/12/2019;11;12;Diciembre;2019
12/12/2019;13;12;Diciembre;2019
13/12/2019;6;12;Diciembre;2019
14/12/2019;5;12;Diciembre;2019
15/12/2019;6;12;Diciembre;2019
16/12/2019;7;12;Diciembre;2019
17/12/2019;10;12;Diciembre;2019
18/12/2019;12;12;Diciembre;2019
19/12/2019;7;12;Diciembre;2019
20/12/2019;10;12;Diciembre;2019
21/12/2019;3;12;Diciembre;2019
22/12/2019;8;12;Diciembre;2019
23/12/2019;8;12;Diciembre;2019
24/12/2019;17;12;Diciembre;2019
25/12/2019;5;12;Diciembre;2019
26/12/2019;9;12;Diciembre;2019
27/12/2019;7;12;Diciembre;2019
28/12/2019;5;12;Diciembre;2019
29/12/2019;13;12;Diciembre;2019
30/12/2019;11;12;Diciembre;2019
31/12/2019;17;12;Diciembre;2019
1/01/2021;2;1;Enero;2021
2/01/2021;3;1;Enero;2021
3/01/2021;4;1;Enero;2021
4/01/2021;4;1;Enero;2021
5/01/2021;4;1;Enero;2021
6/01/2021;1;1;Enero;2021
7/01/2021;3;1;Enero;2021
8/01/2021;4;1;Enero;2021
9/01/2021;3;1;Enero;2021
10/01/2021;3;1;Enero;2021
11/01/2021;4;1;Enero;2021
12/01/2021;5;1;Enero;2021
13/01/2021;5;1;Enero;2021
14/01/2021;2;1;Enero;2021
15/01/2021;3;1;Enero;2021
16/01/2021;4;1;Enero;2021
17/01/2021;0;1;Enero;2021
18/01/2021;6;1;Enero;2021
19/01/2021;2;1;Enero;2021
20/01/2021;2;1;Enero;2021
21/01/2021;3;1;Enero;2021
22/01/2021;5;1;Enero;2021
23/01/2021;7;1;Enero;2021
24/01/2021;8;1;Enero;2021
25/01/2021;5;1;Enero;2021
26/01/2021;4;1;Enero;2021
27/01/2021;2;1;Enero;2021
28/01/2021;2;1;Enero;2021
29/01/2021;2;1;Enero;2021
30/01/2021;5;1;Enero;2021
31/01/2021;2;1;Enero;2021
1/02/2021;4;2;Febrero;2021
2/02/2021;2;2;Febrero;2021
3/02/2021;3;2;Febrero;2021
4/02/2021;3;2;Febrero;2021
5/02/2021;4;2;Febrero;2021
6/02/2021;4;2;Febrero;2021
7/02/2021;4;2;Febrero;2021
8/02/2021;3;2;Febrero;2021
9/02/2021;5;2;Febrero;2021
10/02/2021;3;2;Febrero;2021
11/02/2021;2;2;Febrero;2021
12/02/2021;4;2;Febrero;2021
13/02/2021;5;2;Febrero;2021
14/02/2021;4;2;Febrero;2021
15/02/2021;1;2;Febrero;2021
16/02/2021;2;2;Febrero;2021
17/02/2021;5;2;Febrero;2021
18/02/2021;4;2;Febrero;2021
19/02/2021;2;2;Febrero;2021
20/02/2021;4;2;Febrero;2021
21/02/2021;2;2;Febrero;2021
22/02/2021;5;2;Febrero;2021
23/02/2021;3;2;Febrero;2021
24/02/2021;1;2;Febrero;2021
25/02/2021;4;2;Febrero;2021
26/02/2021;5;2;Febrero;2021
27/02/2021;3;2;Febrero;2021
28/02/2021;2;2;Febrero;2021
1/03/2021;6;3;Marzo;2021
2/03/2021;6;3;Marzo;2021
3/03/2021;5;3;Marzo;2021
4/03/2021;2;3;Marzo;2021
5/03/2021;4;3;Marzo;2021
6/03/2021;0;3;Marzo;2021
7/03/2021;2;3;Marzo;2021
8/03/2021;0;3;Marzo;2021
9/03/2021;10;3;Marzo;2021
10/03/2021;6;3;Marzo;2021
11/03/2021;6;3;Marzo;2021
12/03/2021;12;3;Marzo;2021
13/03/2021;2;3;Marzo;2021
14/03/2021;2;3;Marzo;2021
15/03/2021;2;3;Marzo;2021
16/03/2021;5;3;Marzo;2021
17/03/2021;6;3;Marzo;2021
18/03/2021;6;3;Marzo;2021
19/03/2021;9;3;Marzo;2021
20/03/2021;3;3;Marzo;2021
21/03/2021;5;3;Marzo;2021
22/03/2021;3;3;Marzo;2021
23/03/2021;4;3;Marzo;2021
24/03/2021;6;3;Marzo;2021
25/03/2021;9;3;Marzo;2021
26/03/2021;8;3;Marzo;2021
27/03/2021;6;3;Marzo;2021
28/03/2021;5;3;Marzo;2021
29/03/2021;9;3;Marzo;2021
30/03/2021;11;3;Marzo;2021
31/03/2021;8;3;Marzo;2021
1/04/2021;10;4;Abril;2021
2/04/2021;4;4;Abril;2021
3/04/2021;6;4;Abril;2021
4/04/2021;7;4;Abril;2021
5/04/2021;11;4;Abril;2021
6/04/2021;6;4;Abril;2021
7/04/2021;10;4;Abril;2021
8/04/2021;6;4;Abril;2021
9/04/2021;6;4;Abril;2021
10/04/2021;7;4;Abril;2021
11/04/2021;12;4;Abril;2021
12/04/2021;10;4;Abril;2021
13/04/2021;4;4;Abril;2021
14/04/2021;9;4;Abril;2021
15/04/2021;10;4;Abril;2021
16/04/2021;4;4;Abril;2021
17/04/2021;10;4;Abril;2021
18/04/2021;13;4;Abril;2021
19/04/2021;11;4;Abril;2021
20/04/2021;9;4;Abril;2021
21/04/2021;7;4;Abril;2021
22/04/2021;7;4;Abril;2021
23/04/2021;10;4;Abril;2021
24/04/2021;5;4;Abril;2021
25/04/2021;9;4;Abril;2021
26/04/2021;12;4;Abril;2021
27/04/2021;6;4;Abril;2021
28/04/2021;9;4;Abril;2021
29/04/2021;8;4;Abril;2021
30/04/2021;5;4;Abril;2021
1/05/2021;8;5;Mayo;2021
2/05/2021;8;5;Mayo;2021
3/05/2021;3;5;Mayo;2021
4/05/2021;7;5;Mayo;2021
5/05/2021;8;5;Mayo;2021
6/05/2021;11;5;Mayo;2021
7/05/2021;5;5;Mayo;2021
8/05/2021;5;5;Mayo;2021
9/05/2021;4;5;Mayo;2021
10/05/2021;6;5;Mayo;2021
11/05/2021;10;5;Mayo;2021
12/05/2021;13;5;Mayo;2021
13/05/2021;4;5;Mayo;2021
14/05/2021;8;5;Mayo;2021
15/05/2021;8;5;Mayo;2021
16/05/2021;6;5;Mayo;2021
17/05/2021;3;5;Mayo;2021
18/05/2021;5;5;Mayo;2021
19/05/2021;6;5;Mayo;2021
20/05/2021;9;5;Mayo;2021
21/05/2021;6;5;Mayo;2021
22/05/2021;8;5;Mayo;2021
23/05/2021;6;5;Mayo;2021
24/05/2021;6;5;Mayo;2021
25/05/2021;6;5;Mayo;2021
26/05/2021;6;5;Mayo;2021
27/05/2021;9;5;Mayo;2021
28/05/2021;4;5;Mayo;2021
29/05/2021;9;5;Mayo;2021
30/05/2021;5;5;Mayo;2021
31/05/2021;6;5;Mayo;2021
1/06/2021;7;6;Junio;2021
2/06/2021;9;6;Junio;2021
3/06/2021;11;6;Junio;2021
4/06/2021;7;6;Junio;2021
5/06/2021;10;6;Junio;2021
6/06/2021;8;6;Junio;2021
7/06/2021;11;6;Junio;2021
8/06/2021;18;6;Junio;2021
9/06/2021;12;6;Junio;2021
10/06/2021;5;6;Junio;2021
11/06/2021;10;6;Junio;2021
12/06/2021;7;6;Junio;2021
13/06/2021;4;6;Junio;2021
14/06/2021;7;6;Junio;2021
15/06/2021;10;6;Junio;2021
16/06/2021;11;6;Junio;2021
17/06/2021;10;6;Junio;2021
18/06/2021;7;6;Junio;2021
19/06/2021;10;6;Junio;2021
20/06/2021;8;6;Junio;2021
21/06/2021;5;6;Junio;2021
22/06/2021;9;6;Junio;2021
23/06/2021;4;6;Junio;2021
24/06/2021;8;6;Junio;2021
25/06/2021;9;6;Junio;2021
26/06/2021;7;6;Junio;2021
27/06/2021;5;6;Junio;2021
28/06/2021;11;6;Junio;2021
29/06/2021;8;6;Junio;2021
30/06/2021;11;6;Junio;2021
1/07/2021;4;7;Julio;2021
2/07/2021;16;7;Julio;2021
3/07/2021;4;7;Julio;2021
4/07/2021;6;7;Julio;2021
5/07/2021;8;7;Julio;2021
6/07/2021;11;7;Julio;2021
7/07/2021;11;7;Julio;2021
8/07/2021;11;7;Julio;2021
9/07/2021;8;7;Julio;2021
10/07/2021;8;7;Julio;2021
11/07/2021;6;7;Julio;2021
12/07/2021;7;7;Julio;2021
13/07/2021;4;7;Julio;2021
14/07/2021;14;7;Julio;2021
15/07/2021;9;7;Julio;2021
16/07/2021;5;7;Julio;2021
17/07/2021;9;7;Julio;2021
18/07/2021;8;7;Julio;2021
19/07/2021;14;7;Julio;2021
20/07/2021;8;7;Julio;2021
21/07/2021;7;7;Julio;2021
22/07/2021;13;7;Julio;2021
23/07/2021;14;7;Julio;2021
24/07/2021;7;7;Julio;2021
25/07/2021;7;7;Julio;2021
26/07/2021;5;7;Julio;2021
27/07/2021;9;7;Julio;2021
28/07/2021;3;7;Julio;2021
29/07/2021;10;7;Julio;2021
30/07/2021;14;7;Julio;2021
31/07/2021;15;7;Julio;2021
1/08/2021;12;8;Agosto;2021
2/08/2021;7;8;Agosto;2021
3/08/2021;7;8;Agosto;2021
4/08/2021;12;8;Agosto;2021
5/08/2021;12;8;Agosto;2021
6/08/2021;8;8;Agosto;2021
7/08/2021;12;8;Agosto;2021
8/08/2021;9;8;Agosto;2021
9/08/2021;15;8;Agosto;2021
10/08/2021;12;8;Agosto;2021
11/08/2021;10;8;Agosto;2021
12/08/2021;9;8;Agosto;2021
13/08/2021;17;8;Agosto;2021
14/08/2021;17;8;Agosto;2021
15/08/2021;8;8;Agosto;2021
16/08/2021;7;8;Agosto;2021
17/08/2021;14;8;Agosto;2021
18/08/2021;15;8;Agosto;2021
19/08/2021;12;8;Agosto;2021
20/08/2021;10;8;Agosto;2021
21/08/2021;13;8;Agosto;2021
22/08/2021;13;8;Agosto;2021
23/08/2021;20;8;Agosto;2021
24/08/2021;16;8;Agosto;2021
25/08/2021;20;8;Agosto;2021
26/08/2021;13;8;Agosto;2021
27/08/2021;20;8;Agosto;2021
28/08/2021;16;8;Agosto;2021
29/08/2021;18;8;Agosto;2021
30/08/2021;13;8;Agosto;2021
31/08/2021;11;8;Agosto;2021
1/09/2021;17;9;Septiembre;2021
2/09/2021;14;9;Septiembre;2021
3/09/2021;18;9;Septiembre;2021
4/09/2021;18;9;Septiembre;2021
5/09/2021;14;9;Septiembre;2021
6/09/2021;15;9;Septiembre;2021
7/09/2021;21;9;Septiembre;2021
8/09/2021;23;9;Septiembre;2021
9/09/2021;16;9;Septiembre;2021
10/09/2021;23;9;Septiembre;2021
11/09/2021;15;9;Septiembre;2021
12/09/2021;13;9;Septiembre;2021
13/09/2021;12;9;Septiembre;2021
14/09/2021;21;9;Septiembre;2021
15/09/2021;18;9;Septiembre;2021
16/09/2021;25;9;Septiembre;2021
17/09/2021;24;9;Septiembre;2021
18/09/2021;23;9;Septiembre;2021
19/09/2021;20;9;Septiembre;2021
20/09/2021;16;9;Septiembre;2021
21/09/2021;19;9;Septiembre;2021
22/09/2021;22;9;Septiembre;2021
23/09/2021;23;9;Septiembre;2021
24/09/2021;24;9;Septiembre;2021
25/09/2021;15;9;Septiembre;2021
26/09/2021;17;9;Septiembre;2021
27/09/2021;23;9;Septiembre;2021
28/09/2021;17;9;Septiembre;2021
29/09/2021;10;9;Septiembre;2021
30/09/2021;29;9;Septiembre;2021
1/10/2021;11;10;Octubre;2021
2/10/2021;13;10;Octubre;2021
3/10/2021;20;10;Octubre;2021
4/10/2021;14;10;Octubre;2021
5/10/2021;26;10;Octubre;2021
6/10/2021;9;10;Octubre;2021
7/10/2021;31;10;Octubre;2021
8/10/2021;15;10;Octubre;2021
9/10/2021;17;10;Octubre;2021
10/10/2021;25;10;Octubre;2021
11/10/2021;15;10;Octubre;2021
12/10/2021;26;10;Octubre;2021
13/10/2021;14;10;Octubre;2021
14/10/2021;23;10;Octubre;2021
15/10/2021;22;10;Octubre;2021
16/10/2021;18;10;Octubre;2021
17/10/2021;13;10;Octubre;2021
18/10/2021;15;10;Octubre;2021
19/10/2021;17;10;Octubre;2021
20/10/2021;13;10;Octubre;2021
21/10/2021;16;10;Octubre;2021
22/10/2021;16;10;Octubre;2021
23/10/2021;10;10;Octubre;2021
24/10/2021;21;10;Octubre;2021
25/10/2021;9;10;Octubre;2021
26/10/2021;19;10;Octubre;2021
27/10/2021;18;10;Octubre;2021
28/10/2021;23;10;Octubre;2021
29/10/2021;15;10;Octubre;2021
30/10/2021;16;10;Octubre;2021
31/10/2021;11;10;Octubre;2021
1/11/2021;13;11;Noviembre;2021
2/11/2021;20;11;Noviembre;2021
3/11/2021;16;11;Noviembre;2021
4/11/2021;35;11;Noviembre;2021
5/11/2021;21;11;Noviembre;2021
6/11/2021;22;11;Noviembre;2021
7/11/2021;21;11;Noviembre;2021
8/11/2021;22;11;Noviembre;2021
9/11/2021;22;11;Noviembre;2021
10/11/2021;23;11;Noviembre;2021
11/11/2021;22;11;Noviembre;2021
12/11/2021;16;11;Noviembre;2021
13/11/2021;16;11;Noviembre;2021
14/11/2021;19;11;Noviembre;2021
15/11/2021;10;11;Noviembre;2021
16/11/2021;23;11;Noviembre;2021
17/11/2021;29;11;Noviembre;2021
18/11/2021;20;11;Noviembre;2021
19/11/2021;28;11;Noviembre;2021
20/11/2021;11;11;Noviembre;2021
21/11/2021;17;11;Noviembre;2021
22/11/2021;30;11;Noviembre;2021
23/11/2021;26;11;Noviembre;2021
24/11/2021;23;11;Noviembre;2021
25/11/2021;28;11;Noviembre;2021
26/11/2021;29;11;Noviembre;2021
27/11/2021;14;11;Noviembre;2021
28/11/2021;14;11;Noviembre;2021
29/11/2021;14;11;Noviembre;2021
30/11/2021;19;11;Noviembre;2021
1/12/2021;19;12;Diciembre;2021
2/12/2021;16;12;Diciembre;2021
3/12/2021;23;12;Diciembre;2021
4/12/2021;13;12;Diciembre;2021
5/12/2021;16;12;Diciembre;2021
6/12/2021;12;12;Diciembre;2021
7/12/2021;20;12;Diciembre;2021
8/12/2021;13;12;Diciembre;2021
9/12/2021;28;12;Diciembre;2021
10/12/2021;23;12;Diciembre;2021
11/12/2021;18;12;Diciembre;2021
12/12/2021;17;12;Diciembre;2021
13/12/2021;16;12;Diciembre;2021
14/12/2021;16;12;Diciembre;2021
15/12/2021;28;12;Diciembre;2021
16/12/2021;17;12;Diciembre;2021
17/12/2021;25;12;Diciembre;2021
18/12/2021;8;12;Diciembre;2021
19/12/2021;10;12;Diciembre;2021
20/12/2021;16;12;Diciembre;2021
21/12/2021;16;12;Diciembre;2021
22/12/2021;16;12;Diciembre;2021
23/12/2021;14;12;Diciembre;2021
24/12/2021;17;12;Diciembre;2021
25/12/2021;9;12;Diciembre;2021
26/12/2021;7;12;Diciembre;2021
27/12/2021;7;12;Diciembre;2021
28/12/2021;9;12;Diciembre;2021
29/12/2021;12;12;Diciembre;2021
30/12/2021;18;12;Diciembre;2021
31/12/2021;17;12;Diciembre;2021
1/01/2022;6;1;Enero;2022
2/01/2022;6;1;Enero;2022
3/01/2022;7;1;Enero;2022
4/01/2022;11;1;Enero;2022
5/01/2022;12;1;Enero;2022
6/01/2022;14;1;Enero;2022
7/01/2022;12;1;Enero;2022
8/01/2022;11;1;Enero;2022
9/01/2022;13;1;Enero;2022
10/01/2022;16;1;Enero;2022
11/01/2022;12;1;Enero;2022
12/01/2022;12;1;Enero;2022
13/01/2022;21;1;Enero;2022
14/01/2022;16;1;Enero;2022
15/01/2022;12;1;Enero;2022
16/01/2022;5;1;Enero;2022
17/01/2022;11;1;Enero;2022
18/01/2022;11;1;Enero;2022
19/01/2022;13;1;Enero;2022
20/01/2022;14;1;Enero;2022
21/01/2022;13;1;Enero;2022
22/01/2022;11;1;Enero;2022
23/01/2022;11;1;Enero;2022
24/01/2022;12;1;Enero;2022
25/01/2022;15;1;Enero;2022
26/01/2022;5;1;Enero;2022
27/01/2022;11;1;Enero;2022
28/01/2022;9;1;Enero;2022
29/01/2022;12;1;Enero;2022
30/01/2022;11;1;Enero;2022
31/01/2022;4;1;Enero;2022
1/02/2022;8;2;Febrero;2022
2/02/2022;15;2;Febrero;2022
3/02/2022;7;2;Febrero;2022
4/02/2022;5;2;Febrero;2022
5/02/2022;7;2;Febrero;2022
6/02/2022;8;2;Febrero;2022
7/02/2022;8;2;Febrero;2022
8/02/2022;11;2;Febrero;2022
9/02/2022;12;2;Febrero;2022
10/02/2022;13;2;Febrero;2022
11/02/2022;9;2;Febrero;2022
12/02/2022;8;2;Febrero;2022
13/02/2022;15;2;Febrero;2022
14/02/2022;25;2;Febrero;2022
15/02/2022;23;2;Febrero;2022
16/02/2022;15;2;Febrero;2022
17/02/2022;17;2;Febrero;2022
18/02/2022;20;2;Febrero;2022
19/02/2022;16;2;Febrero;2022
20/02/2022;22;2;Febrero;2022
21/02/2022;24;2;Febrero;2022
22/02/2022;29;2;Febrero;2022
23/02/2022;29;2;Febrero;2022
24/02/2022;33;2;Febrero;2022
25/02/2022;17;2;Febrero;2022
26/02/2022;20;2;Febrero;2022
27/02/2022;24;2;Febrero;2022
28/02/2022;8;2;Febrero;2022
